sensor_id;sensor_type;location;lat;lon;timestamp;temperature;humidity
74087;SHT30;62445;48.406;-4.518;2022-08-15T00:00:52;27.84;53.80
74087;SHT30;62445;48.406;-4.518;2022-08-15T00:03:23;27.78;53.83
74087;SHT30;62445;48.406;-4.518;2022-08-15T00:05:53;27.80;53.81
74087;SHT30;62445;48.406;-4.518;2022-08-15T00:08:19;27.81;53.77
74087;SHT30;62445;48.406;-4.518;2022-08-15T00:10:47;27.80;53.75
74087;SHT30;62445;48.406;-4.518;2022-08-15T00:13:23;27.78;53.71
74087;SHT30;62445;48.406;-4.518;2022-08-15T00:15:50;27.82;53.79
74087;SHT30;62445;48.406;-4.518;2022-08-15T00:18:17;27.80;53.88
74087;SHT30;62445;48.406;-4.518;2022-08-15T00:20:43;27.82;53.82
74087;SHT30;62445;48.406;-4.518;2022-08-15T00:23:11;27.82;53.78
74087;SHT30;62445;48.406;-4.518;2022-08-15T00:25:37;27.84;53.72
74087;SHT30;62445;48.406;-4.518;2022-08-15T00:28:05;27.84;53.64
74087;SHT30;62445;48.406;-4.518;2022-08-15T00:30:32;27.87;53.58
74087;SHT30;62445;48.406;-4.518;2022-08-15T00:32:58;27.84;53.53
74087;SHT30;62445;48.406;-4.518;2022-08-15T00:35:25;27.85;53.50
74087;SHT30;62445;48.406;-4.518;2022-08-15T00:38:20;27.90;53.31
74087;SHT30;62445;48.406;-4.518;2022-08-15T00:40:52;27.90;53.39
74087;SHT30;62445;48.406;-4.518;2022-08-15T00:43:39;27.92;53.35
74087;SHT30;62445;48.406;-4.518;2022-08-15T00:46:09;27.91;53.36
74087;SHT30;62445;48.406;-4.518;2022-08-15T00:48:35;27.91;53.30
74087;SHT30;62445;48.406;-4.518;2022-08-15T00:53:39;27.91;53.25
74087;SHT30;62445;48.406;-4.518;2022-08-15T00:56:05;27.97;53.20
74087;SHT30;62445;48.406;-4.518;2022-08-15T00:58:32;27.94;53.17
74087;SHT30;62445;48.406;-4.518;2022-08-15T01:00:58;27.95;53.16
74087;SHT30;62445;48.406;-4.518;2022-08-15T01:03:27;27.95;53.13
74087;SHT30;62445;48.406;-4.518;2022-08-15T01:05:58;27.97;53.06
74087;SHT30;62445;48.406;-4.518;2022-08-15T01:08:27;27.97;53.16
74087;SHT30;62445;48.406;-4.518;2022-08-15T01:10:56;27.98;53.06
74087;SHT30;62445;48.406;-4.518;2022-08-15T01:13:23;27.98;53.06
74087;SHT30;62445;48.406;-4.518;2022-08-15T01:15:48;27.97;53.05
74087;SHT30;62445;48.406;-4.518;2022-08-15T01:18:14;27.97;53.02
74087;SHT30;62445;48.406;-4.518;2022-08-15T01:20:41;27.99;52.96
74087;SHT30;62445;48.406;-4.518;2022-08-15T01:24:14;27.99;52.89
74087;SHT30;62445;48.406;-4.518;2022-08-15T01:26:13;27.99;53.01
74087;SHT30;62445;48.406;-4.518;2022-08-15T01:28:42;27.97;52.98
74087;SHT30;62445;48.406;-4.518;2022-08-15T01:31:18;27.99;52.95
74087;SHT30;62445;48.406;-4.518;2022-08-15T01:33:50;27.99;52.87
74087;SHT30;62445;48.406;-4.518;2022-08-15T01:36:16;27.99;52.95
74087;SHT30;62445;48.406;-4.518;2022-08-15T01:38:45;28.01;52.90
74087;SHT30;62445;48.406;-4.518;2022-08-15T01:46:37;28.01;52.89
74087;SHT30;62445;48.406;-4.518;2022-08-15T01:49:12;27.98;52.80
74087;SHT30;62445;48.406;-4.518;2022-08-15T01:51:39;28.01;52.82
74087;SHT30;62445;48.406;-4.518;2022-08-15T01:54:09;28.01;52.85
74087;SHT30;62445;48.406;-4.518;2022-08-15T01:56:41;28.01;52.81
74087;SHT30;62445;48.406;-4.518;2022-08-15T01:59:12;28.01;52.79
74087;SHT30;62445;48.406;-4.518;2022-08-15T02:02:05;28.01;52.63
74087;SHT30;62445;48.406;-4.518;2022-08-15T02:04:40;28.01;52.68
74087;SHT30;62445;48.406;-4.518;2022-08-15T02:07:09;28.01;52.84
74087;SHT30;62445;48.406;-4.518;2022-08-15T02:09:36;27.99;52.74
74087;SHT30;62445;48.406;-4.518;2022-08-15T02:12:04;28.02;52.83
74087;SHT30;62445;48.406;-4.518;2022-08-15T02:14:34;28.02;52.77
74087;SHT30;62445;48.406;-4.518;2022-08-15T02:17:01;28.01;52.75
74087;SHT30;62445;48.406;-4.518;2022-08-15T02:19:27;28.02;52.68
74087;SHT30;62445;48.406;-4.518;2022-08-15T02:21:53;27.99;52.76
74087;SHT30;62445;48.406;-4.518;2022-08-15T02:24:22;28.02;52.72
74087;SHT30;62445;48.406;-4.518;2022-08-15T02:26:50;28.04;52.70
74087;SHT30;62445;48.406;-4.518;2022-08-15T02:29:16;28.02;52.72
74087;SHT30;62445;48.406;-4.518;2022-08-15T02:31:42;28.01;52.65
74087;SHT30;62445;48.406;-4.518;2022-08-15T02:34:07;28.04;52.74
74087;SHT30;62445;48.406;-4.518;2022-08-15T02:36:36;28.04;52.73
74087;SHT30;62445;48.406;-4.518;2022-08-15T02:39:06;28.02;52.59
74087;SHT30;62445;48.406;-4.518;2022-08-15T02:41:35;28.02;52.62
74087;SHT30;62445;48.406;-4.518;2022-08-15T02:44:02;28.04;52.64
74087;SHT30;62445;48.406;-4.518;2022-08-15T02:46:28;28.04;52.57
74087;SHT30;62445;48.406;-4.518;2022-08-15T02:48:58;28.02;52.65
74087;SHT30;62445;48.406;-4.518;2022-08-15T02:51:25;28.01;52.55
74087;SHT30;62445;48.406;-4.518;2022-08-15T02:53:52;28.02;52.56
74087;SHT30;62445;48.406;-4.518;2022-08-15T02:56:21;28.02;52.58
74087;SHT30;62445;48.406;-4.518;2022-08-15T02:58:49;28.04;52.53
74087;SHT30;62445;48.406;-4.518;2022-08-15T03:01:16;28.02;52.51
74087;SHT30;62445;48.406;-4.518;2022-08-15T03:03:44;27.99;52.60
74087;SHT30;62445;48.406;-4.518;2022-08-15T03:06:12;28.01;52.55
74087;SHT30;62445;48.406;-4.518;2022-08-15T03:08:39;28.02;52.53
74087;SHT30;62445;48.406;-4.518;2022-08-15T03:11:06;28.01;52.48
74087;SHT30;62445;48.406;-4.518;2022-08-15T03:13:33;28.01;52.50
74087;SHT30;62445;48.406;-4.518;2022-08-15T03:16:00;28.01;52.49
74087;SHT30;62445;48.406;-4.518;2022-08-15T03:18:31;28.01;52.39
74087;SHT30;62445;48.406;-4.518;2022-08-15T03:20:59;27.99;52.45
74087;SHT30;62445;48.406;-4.518;2022-08-15T03:23:26;28.01;52.45
74087;SHT30;62445;48.406;-4.518;2022-08-15T03:25:54;28.01;52.51
74087;SHT30;62445;48.406;-4.518;2022-08-15T03:28:28;28.01;52.43
74087;SHT30;62445;48.406;-4.518;2022-08-15T03:30:58;27.99;52.43
74087;SHT30;62445;48.406;-4.518;2022-08-15T03:33:24;28.02;52.46
74087;SHT30;62445;48.406;-4.518;2022-08-15T03:35:50;28.01;52.42
74087;SHT30;62445;48.406;-4.518;2022-08-15T03:38:17;27.99;52.42
74087;SHT30;62445;48.406;-4.518;2022-08-15T03:40:46;28.05;52.35
74087;SHT30;62445;48.406;-4.518;2022-08-15T03:43:16;28.02;52.40
74087;SHT30;62445;48.406;-4.518;2022-08-15T03:45:47;28.01;52.40
74087;SHT30;62445;48.406;-4.518;2022-08-15T03:48:12;27.99;52.35
74087;SHT30;62445;48.406;-4.518;2022-08-15T03:50:38;27.99;52.38
74087;SHT30;62445;48.406;-4.518;2022-08-15T03:53:05;28.02;52.26
74087;SHT30;62445;48.406;-4.518;2022-08-15T03:55:35;28.01;52.35
74087;SHT30;62445;48.406;-4.518;2022-08-15T03:58:02;27.98;52.31
74087;SHT30;62445;48.406;-4.518;2022-08-15T04:00:34;27.98;52.33
74087;SHT30;62445;48.406;-4.518;2022-08-15T04:03:21;27.99;52.20
74087;SHT30;62445;48.406;-4.518;2022-08-15T04:05:53;27.98;52.36
74087;SHT30;62445;48.406;-4.518;2022-08-15T04:08:24;27.98;52.27
74087;SHT30;62445;48.406;-4.518;2022-08-15T04:10:53;27.97;52.34
74087;SHT30;62445;48.406;-4.518;2022-08-15T04:13:20;27.99;52.33
74087;SHT30;62445;48.406;-4.518;2022-08-15T04:15:48;27.95;52.29
74087;SHT30;62445;48.406;-4.518;2022-08-15T04:18:14;27.98;52.34
74087;SHT30;62445;48.406;-4.518;2022-08-15T04:20:39;27.98;52.27
74087;SHT30;62445;48.406;-4.518;2022-08-15T04:23:06;27.98;52.32
74087;SHT30;62445;48.406;-4.518;2022-08-15T04:25:37;27.97;52.24
74087;SHT30;62445;48.406;-4.518;2022-08-15T04:28:04;27.98;52.29
74087;SHT30;62445;48.406;-4.518;2022-08-15T04:30:33;27.97;52.31
74087;SHT30;62445;48.406;-4.518;2022-08-15T04:33:35;27.98;52.10
74087;SHT30;62445;48.406;-4.518;2022-08-15T04:36:06;27.97;52.27
74087;SHT30;62445;48.406;-4.518;2022-08-15T04:38:39;27.97;52.26
74087;SHT30;62445;48.406;-4.518;2022-08-15T04:41:06;27.95;52.32
74087;SHT30;62445;48.406;-4.518;2022-08-15T04:43:34;27.97;52.31
74087;SHT30;62445;48.406;-4.518;2022-08-15T04:46:00;27.95;52.34
74087;SHT30;62445;48.406;-4.518;2022-08-15T04:48:26;27.94;52.26
74087;SHT30;62445;48.406;-4.518;2022-08-15T04:50:53;27.94;52.32
74087;SHT30;62445;48.406;-4.518;2022-08-15T04:53:24;27.94;52.26
74087;SHT30;62445;48.406;-4.518;2022-08-15T04:55:53;27.94;52.31
74087;SHT30;62445;48.406;-4.518;2022-08-15T04:58:19;27.92;52.31
74087;SHT30;62445;48.406;-4.518;2022-08-15T05:00:53;27.95;52.22
74087;SHT30;62445;48.406;-4.518;2022-08-15T05:03:19;27.94;52.30
74087;SHT30;62445;48.406;-4.518;2022-08-15T05:05:54;27.94;52.30
74087;SHT30;62445;48.406;-4.518;2022-08-15T05:08:21;27.95;52.35
74087;SHT30;62445;48.406;-4.518;2022-08-15T05:10:52;27.94;52.33
74087;SHT30;62445;48.406;-4.518;2022-08-15T05:13:23;27.94;52.32
74087;SHT30;62445;48.406;-4.518;2022-08-15T05:15:49;27.95;52.34
74087;SHT30;62445;48.406;-4.518;2022-08-15T05:18:15;27.94;52.27
74087;SHT30;62445;48.406;-4.518;2022-08-15T05:20:41;27.95;52.30
74087;SHT30;62445;48.406;-4.518;2022-08-15T05:23:12;27.94;52.20
74087;SHT30;62445;48.406;-4.518;2022-08-15T05:25:41;27.95;52.32
74087;SHT30;62445;48.406;-4.518;2022-08-15T05:28:07;27.94;52.32
74087;SHT30;62445;48.406;-4.518;2022-08-15T05:30:32;27.94;52.36
74087;SHT30;62445;48.406;-4.518;2022-08-15T05:33:07;27.92;52.22
74087;SHT30;62445;48.406;-4.518;2022-08-15T05:35:34;27.91;52.36
74087;SHT30;62445;48.406;-4.518;2022-08-15T05:38:04;27.91;52.24
74087;SHT30;62445;48.406;-4.518;2022-08-15T05:40:39;27.94;52.32
74087;SHT30;62445;48.406;-4.518;2022-08-15T05:43:25;27.92;52.29
74087;SHT30;62445;48.406;-4.518;2022-08-15T05:46:03;27.92;52.27
74087;SHT30;62445;48.406;-4.518;2022-08-15T05:48:32;27.92;52.35
74087;SHT30;62445;48.406;-4.518;2022-08-15T05:51:29;27.92;52.27
74087;SHT30;62445;48.406;-4.518;2022-08-15T05:57:14;27.91;52.25
74087;SHT30;62445;48.406;-4.518;2022-08-15T05:59:45;27.88;52.34
74087;SHT30;62445;48.406;-4.518;2022-08-15T06:02:31;27.91;52.33
74087;SHT30;62445;48.406;-4.518;2022-08-15T06:05:05;27.90;52.36
74087;SHT30;62445;48.406;-4.518;2022-08-15T06:07:34;27.92;52.44
74087;SHT30;62445;48.406;-4.518;2022-08-15T06:10:08;27.91;52.42
74087;SHT30;62445;48.406;-4.518;2022-08-15T06:12:41;27.88;52.36
74087;SHT30;62445;48.406;-4.518;2022-08-15T06:15:19;27.90;52.31
74087;SHT30;62445;48.406;-4.518;2022-08-15T06:17:50;27.88;52.36
74087;SHT30;62445;48.406;-4.518;2022-08-15T06:20:20;27.91;52.40
74087;SHT30;62445;48.406;-4.518;2022-08-15T06:22:50;27.91;52.43
74087;SHT30;62445;48.406;-4.518;2022-08-15T06:31:08;27.90;52.31
74087;SHT30;62445;48.406;-4.518;2022-08-15T06:33:44;27.88;52.33
74087;SHT30;62445;48.406;-4.518;2022-08-15T06:36:19;27.90;52.43
74087;SHT30;62445;48.406;-4.518;2022-08-15T06:42:07;27.87;52.29
74087;SHT30;62445;48.406;-4.518;2022-08-15T06:44:35;27.91;52.47
74087;SHT30;62445;48.406;-4.518;2022-08-15T06:47:02;27.88;52.49
74087;SHT30;62445;48.406;-4.518;2022-08-15T06:49:33;27.87;52.38
74087;SHT30;62445;48.406;-4.518;2022-08-15T06:52:00;27.88;52.54
74087;SHT30;62445;48.406;-4.518;2022-08-15T06:54:27;27.90;52.51
74087;SHT30;62445;48.406;-4.518;2022-08-15T06:57:05;27.87;52.43
74087;SHT30;62445;48.406;-4.518;2022-08-15T07:05:06;27.88;52.41
74087;SHT30;62445;48.406;-4.518;2022-08-15T07:08:00;27.88;52.39
74087;SHT30;62445;48.406;-4.518;2022-08-15T07:10:31;27.88;52.53
74087;SHT30;62445;48.406;-4.518;2022-08-15T07:13:09;27.90;52.52
74087;SHT30;62445;48.406;-4.518;2022-08-15T07:16:02;27.85;52.37
74087;SHT30;62445;48.406;-4.518;2022-08-15T07:18:38;27.87;52.46
74087;SHT30;62445;48.406;-4.518;2022-08-15T07:21:18;27.85;52.45
74087;SHT30;62445;48.406;-4.518;2022-08-15T07:24:11;27.85;52.33
74087;SHT30;62445;48.406;-4.518;2022-08-15T07:26:58;27.87;52.48
74087;SHT30;62445;48.406;-4.518;2022-08-15T07:32:03;27.85;52.47
74087;SHT30;62445;48.406;-4.518;2022-08-15T07:34:32;27.84;52.52
74087;SHT30;62445;48.406;-4.518;2022-08-15T07:37:03;27.84;52.46
74087;SHT30;62445;48.406;-4.518;2022-08-15T07:39:40;27.85;52.36
74087;SHT30;62445;48.406;-4.518;2022-08-15T07:42:20;27.88;52.47
74087;SHT30;62445;48.406;-4.518;2022-08-15T07:44:58;27.85;52.65
74087;SHT30;62445;48.406;-4.518;2022-08-15T07:47:27;27.85;52.92
74087;SHT30;62445;48.406;-4.518;2022-08-15T07:50:17;27.85;52.96
74087;SHT30;62445;48.406;-4.518;2022-08-15T07:53:00;27.84;52.65
74087;SHT30;62445;48.406;-4.518;2022-08-15T07:55:30;27.87;52.64
74087;SHT30;62445;48.406;-4.518;2022-08-15T07:58:04;27.88;52.48
74087;SHT30;62445;48.406;-4.518;2022-08-15T08:00:33;27.92;52.54
74087;SHT30;62445;48.406;-4.518;2022-08-15T08:03:18;27.90;52.38
74087;SHT30;62445;48.406;-4.518;2022-08-15T08:06:38;27.91;52.33
74087;SHT30;62445;48.406;-4.518;2022-08-15T08:14:46;27.90;52.36
74087;SHT30;62445;48.406;-4.518;2022-08-15T08:17:16;27.92;52.42
74087;SHT30;62445;48.406;-4.518;2022-08-15T08:25:37;27.95;52.26
74087;SHT30;62445;48.406;-4.518;2022-08-15T08:31:32;27.97;52.23
74087;SHT30;62445;48.406;-4.518;2022-08-15T08:39:48;28.02;51.95
74087;SHT30;62445;48.406;-4.518;2022-08-15T08:42:29;28.02;51.94
74087;SHT30;62445;48.406;-4.518;2022-08-15T08:45:16;28.05;51.87
74087;SHT30;62445;48.406;-4.518;2022-08-15T08:55:43;28.13;51.65
74087;SHT30;62445;48.406;-4.518;2022-08-15T08:58:22;28.15;51.64
74087;SHT30;62445;48.406;-4.518;2022-08-15T09:00:50;28.18;51.69
74087;SHT30;62445;48.406;-4.518;2022-08-15T09:03:36;28.19;51.56
74087;SHT30;62445;48.406;-4.518;2022-08-15T09:06:03;28.20;51.53
74087;SHT30;62445;48.406;-4.518;2022-08-15T09:08:34;28.23;51.49
74087;SHT30;62445;48.406;-4.518;2022-08-15T09:11:07;28.29;51.42
74087;SHT30;62445;48.406;-4.518;2022-08-15T09:13:36;28.29;51.40
74087;SHT30;62445;48.406;-4.518;2022-08-15T09:16:26;28.29;51.21
74087;SHT30;62445;48.406;-4.518;2022-08-15T09:19:06;28.31;51.25
74087;SHT30;62445;48.406;-4.518;2022-08-15T09:21:35;28.29;51.24
74087;SHT30;62445;48.406;-4.518;2022-08-15T09:24:03;28.31;51.23
74087;SHT30;62445;48.406;-4.518;2022-08-15T09:29:43;28.28;51.20
74087;SHT30;62445;48.406;-4.518;2022-08-15T09:55:48;28.49;50.78
74087;SHT30;62445;48.406;-4.518;2022-08-15T09:58:34;28.55;50.74
74087;SHT30;62445;48.406;-4.518;2022-08-15T10:06:14;28.59;50.57
74087;SHT30;62445;48.406;-4.518;2022-08-15T10:11:32;28.57;50.59
74087;SHT30;62445;48.406;-4.518;2022-08-15T10:14:00;28.57;50.70
74087;SHT30;62445;48.406;-4.518;2022-08-15T10:21:40;28.60;50.83
74087;SHT30;62445;48.406;-4.518;2022-08-15T10:24:20;28.63;50.79
74087;SHT30;62445;48.406;-4.518;2022-08-15T10:27:22;28.66;50.68
74087;SHT30;62445;48.406;-4.518;2022-08-15T10:29:52;28.66;50.61
74087;SHT30;62445;48.406;-4.518;2022-08-15T10:32:39;28.67;50.58
74087;SHT30;62445;48.406;-4.518;2022-08-15T10:38:00;28.70;50.49
74087;SHT30;62445;48.406;-4.518;2022-08-15T10:40:55;28.73;50.37
74087;SHT30;62445;48.406;-4.518;2022-08-15T10:56:51;28.84;49.97
74087;SHT30;62445;48.406;-4.518;2022-08-15T10:59:23;28.86;49.92
74087;SHT30;62445;48.406;-4.518;2022-08-15T11:01:49;28.86;49.87
74087;SHT30;62445;48.406;-4.518;2022-08-15T11:04:34;28.87;49.92
74087;SHT30;62445;48.406;-4.518;2022-08-15T11:07:02;28.88;49.79
74087;SHT30;62445;48.406;-4.518;2022-08-15T11:09:41;28.87;49.80
74087;SHT30;62445;48.406;-4.518;2022-08-15T11:12:06;28.84;49.94
74087;SHT30;62445;48.406;-4.518;2022-08-15T11:14:41;28.81;49.94
74087;SHT30;62445;48.406;-4.518;2022-08-15T11:17:17;28.86;49.98
74087;SHT30;62445;48.406;-4.518;2022-08-15T11:19:50;28.83;50.17
74087;SHT30;62445;48.406;-4.518;2022-08-15T11:22:29;28.83;50.28
74087;SHT30;62445;48.406;-4.518;2022-08-15T11:25:00;28.84;50.30
74087;SHT30;62445;48.406;-4.518;2022-08-15T11:27:28;28.87;50.38
74087;SHT30;62445;48.406;-4.518;2022-08-15T11:29:55;28.86;50.38
74087;SHT30;62445;48.406;-4.518;2022-08-15T11:32:35;28.84;50.54
74087;SHT30;62445;48.406;-4.518;2022-08-15T11:35:26;28.84;50.65
74087;SHT30;62445;48.406;-4.518;2022-08-15T11:37:54;28.84;50.65
74087;SHT30;62445;48.406;-4.518;2022-08-15T11:40:33;28.84;50.58
74087;SHT30;62445;48.406;-4.518;2022-08-15T11:43:01;28.86;50.44
74087;SHT30;62445;48.406;-4.518;2022-08-15T11:45:34;28.86;50.36
74087;SHT30;62445;48.406;-4.518;2022-08-15T11:48:00;28.84;50.19
74087;SHT30;62445;48.406;-4.518;2022-08-15T11:50:32;28.88;50.10
74087;SHT30;62445;48.406;-4.518;2022-08-15T11:53:02;28.94;50.08
74087;SHT30;62445;48.406;-4.518;2022-08-15T12:00:52;29.03;49.90
74087;SHT30;62445;48.406;-4.518;2022-08-15T12:06:35;29.01;49.84
74087;SHT30;62445;48.406;-4.518;2022-08-15T12:09:25;28.98;49.83
74087;SHT30;62445;48.406;-4.518;2022-08-15T12:11:55;28.98;49.67
74087;SHT30;62445;48.406;-4.518;2022-08-15T12:14:26;29.00;49.75
74087;SHT30;62445;48.406;-4.518;2022-08-15T12:16:58;29.00;49.69
74087;SHT30;62445;48.406;-4.518;2022-08-15T12:19:41;29.01;49.59
74087;SHT30;62445;48.406;-4.518;2022-08-15T12:22:11;29.03;49.49
74087;SHT30;62445;48.406;-4.518;2022-08-15T12:24:42;29.04;49.38
74087;SHT30;62445;48.406;-4.518;2022-08-15T12:27:09;29.05;49.29
74087;SHT30;62445;48.406;-4.518;2022-08-15T12:29:36;28.98;49.36
74087;SHT30;62445;48.406;-4.518;2022-08-15T12:32:06;28.97;49.57
74087;SHT30;62445;48.406;-4.518;2022-08-15T12:34:38;28.94;49.82
74087;SHT30;62445;48.406;-4.518;2022-08-15T12:37:09;28.93;49.79
74087;SHT30;62445;48.406;-4.518;2022-08-15T12:39:42;28.91;49.76
74087;SHT30;62445;48.406;-4.518;2022-08-15T12:42:14;28.97;49.72
74087;SHT30;62445;48.406;-4.518;2022-08-15T12:44:48;28.97;49.65
74087;SHT30;62445;48.406;-4.518;2022-08-15T12:47:14;29.00;49.65
74087;SHT30;62445;48.406;-4.518;2022-08-15T12:49:40;28.98;49.57
74087;SHT30;62445;48.406;-4.518;2022-08-15T12:52:05;29.03;49.46
74087;SHT30;62445;48.406;-4.518;2022-08-15T12:54:31;29.07;49.48
74087;SHT30;62445;48.406;-4.518;2022-08-15T12:56:56;29.07;49.43
74087;SHT30;62445;48.406;-4.518;2022-08-15T12:59:22;29.05;49.45
74087;SHT30;62445;48.406;-4.518;2022-08-15T13:01:47;29.03;49.51
74087;SHT30;62445;48.406;-4.518;2022-08-15T13:04:13;29.01;49.54
74087;SHT30;62445;48.406;-4.518;2022-08-15T13:06:50;29.04;49.51
74087;SHT30;62445;48.406;-4.518;2022-08-15T13:09:20;29.05;49.45
74087;SHT30;62445;48.406;-4.518;2022-08-15T13:11:46;29.03;49.46
74087;SHT30;62445;48.406;-4.518;2022-08-15T13:14:17;29.03;49.47
74087;SHT30;62445;48.406;-4.518;2022-08-15T13:16:45;29.00;49.65
74087;SHT30;62445;48.406;-4.518;2022-08-15T13:19:22;28.97;49.62
74087;SHT30;62445;48.406;-4.518;2022-08-15T13:21:48;28.91;49.76
74087;SHT30;62445;48.406;-4.518;2022-08-15T13:24:33;28.88;49.82
74087;SHT30;62445;48.406;-4.518;2022-08-15T13:26:59;28.84;49.97
74087;SHT30;62445;48.406;-4.518;2022-08-15T13:29:26;28.80;50.05
74087;SHT30;62445;48.406;-4.518;2022-08-15T13:31:51;28.77;50.03
74087;SHT30;62445;48.406;-4.518;2022-08-15T13:34:18;28.74;50.08
74087;SHT30;62445;48.406;-4.518;2022-08-15T13:36:46;28.73;50.18
74087;SHT30;62445;48.406;-4.518;2022-08-15T13:39:20;28.73;50.12
74087;SHT30;62445;48.406;-4.518;2022-08-15T13:41:47;28.76;50.09
74087;SHT30;62445;48.406;-4.518;2022-08-15T13:44:14;28.77;50.07
74087;SHT30;62445;48.406;-4.518;2022-08-15T13:46:40;28.80;50.00
74087;SHT30;62445;48.406;-4.518;2022-08-15T13:49:10;28.81;50.10
74087;SHT30;62445;48.406;-4.518;2022-08-15T13:51:48;28.81;50.12
74087;SHT30;62445;48.406;-4.518;2022-08-15T13:54:15;28.78;50.32
74087;SHT30;62445;48.406;-4.518;2022-08-15T13:56:40;28.77;50.51
74087;SHT30;62445;48.406;-4.518;2022-08-15T13:59:07;28.80;50.45
74087;SHT30;62445;48.406;-4.518;2022-08-15T14:01:34;28.77;50.57
74087;SHT30;62445;48.406;-4.518;2022-08-15T14:04:06;28.74;50.48
74087;SHT30;62445;48.406;-4.518;2022-08-15T14:06:34;28.74;50.59
74087;SHT30;62445;48.406;-4.518;2022-08-15T14:09:00;28.76;50.61
74087;SHT30;62445;48.406;-4.518;2022-08-15T14:11:26;28.73;50.63
74087;SHT30;62445;48.406;-4.518;2022-08-15T14:13:51;28.70;50.63
74087;SHT30;62445;48.406;-4.518;2022-08-15T14:16:17;28.70;50.68
74087;SHT30;62445;48.406;-4.518;2022-08-15T14:18:44;28.70;50.65
74087;SHT30;62445;48.406;-4.518;2022-08-15T14:21:12;28.70;50.59
74087;SHT30;62445;48.406;-4.518;2022-08-15T14:23:38;28.71;50.59
74087;SHT30;62445;48.406;-4.518;2022-08-15T14:26:05;28.74;50.42
74087;SHT30;62445;48.406;-4.518;2022-08-15T14:28:32;28.74;50.40
74087;SHT30;62445;48.406;-4.518;2022-08-15T14:30:59;28.77;50.37
74087;SHT30;62445;48.406;-4.518;2022-08-15T14:33:25;28.81;50.33
74087;SHT30;62445;48.406;-4.518;2022-08-15T14:35:55;28.81;50.26
74087;SHT30;62445;48.406;-4.518;2022-08-15T14:38:27;28.88;50.08
74087;SHT30;62445;48.406;-4.518;2022-08-15T14:40:54;28.95;49.90
74087;SHT30;62445;48.406;-4.518;2022-08-15T14:43:20;29.03;49.72
74087;SHT30;62445;48.406;-4.518;2022-08-15T14:45:48;29.15;49.54
74087;SHT30;62445;48.406;-4.518;2022-08-15T14:48:16;29.22;49.32
74087;SHT30;62445;48.406;-4.518;2022-08-15T14:50:44;29.28;49.22
74087;SHT30;62445;48.406;-4.518;2022-08-15T14:53:09;29.31;49.15
74087;SHT30;62445;48.406;-4.518;2022-08-15T14:55:37;29.31;49.14
74087;SHT30;62445;48.406;-4.518;2022-08-15T14:58:03;29.43;48.90
74087;SHT30;62445;48.406;-4.518;2022-08-15T15:00:30;29.56;48.67
74087;SHT30;62445;48.406;-4.518;2022-08-15T15:02:56;29.56;48.60
74087;SHT30;62445;48.406;-4.518;2022-08-15T15:05:22;29.60;48.49
74087;SHT30;62445;48.406;-4.518;2022-08-15T15:07:48;29.58;48.45
74087;SHT30;62445;48.406;-4.518;2022-08-15T15:10:18;29.52;49.19
74087;SHT30;62445;48.406;-4.518;2022-08-15T15:12:44;29.46;49.24
74087;SHT30;62445;48.406;-4.518;2022-08-15T15:15:10;29.43;49.27
74087;SHT30;62445;48.406;-4.518;2022-08-15T15:17:37;29.39;49.36
74087;SHT30;62445;48.406;-4.518;2022-08-15T15:20:05;29.31;49.62
74087;SHT30;62445;48.406;-4.518;2022-08-15T15:22:32;29.26;49.75
74087;SHT30;62445;48.406;-4.518;2022-08-15T15:24:58;29.18;49.78
74087;SHT30;62445;48.406;-4.518;2022-08-15T15:27:23;29.11;49.87
74087;SHT30;62445;48.406;-4.518;2022-08-15T15:29:49;29.04;50.09
74087;SHT30;62445;48.406;-4.518;2022-08-15T15:32:15;28.97;50.27
74087;SHT30;62445;48.406;-4.518;2022-08-15T15:34:41;28.94;50.41
74087;SHT30;62445;48.406;-4.518;2022-08-15T15:37:07;28.91;50.55
74087;SHT30;62445;48.406;-4.518;2022-08-15T15:39:34;28.88;50.58
74087;SHT30;62445;48.406;-4.518;2022-08-15T15:42:00;28.84;50.66
74087;SHT30;62445;48.406;-4.518;2022-08-15T15:44:26;28.80;50.84
74087;SHT30;62445;48.406;-4.518;2022-08-15T15:47:03;28.77;50.82
74087;SHT30;62445;48.406;-4.518;2022-08-15T15:49:35;28.73;50.95
74087;SHT30;62445;48.406;-4.518;2022-08-15T15:52:03;28.71;50.99
74087;SHT30;62445;48.406;-4.518;2022-08-15T15:54:29;28.66;51.03
74087;SHT30;62445;48.406;-4.518;2022-08-15T15:56:54;28.66;51.12
74087;SHT30;62445;48.406;-4.518;2022-08-15T15:59:20;28.63;51.10
74087;SHT30;62445;48.406;-4.518;2022-08-15T16:01:45;28.61;51.18
74087;SHT30;62445;48.406;-4.518;2022-08-15T16:04:12;28.60;51.19
74087;SHT30;62445;48.406;-4.518;2022-08-15T16:06:37;28.60;51.27
74087;SHT30;62445;48.406;-4.518;2022-08-15T16:09:03;28.57;51.27
74087;SHT30;62445;48.406;-4.518;2022-08-15T16:11:35;28.59;51.22
74087;SHT30;62445;48.406;-4.518;2022-08-15T16:14:37;28.57;51.17
74087;SHT30;62445;48.406;-4.518;2022-08-15T16:17:15;28.53;51.26
74087;SHT30;62445;48.406;-4.518;2022-08-15T16:19:49;28.53;51.34
74087;SHT30;62445;48.406;-4.518;2022-08-15T16:22:32;28.53;51.38
74087;SHT30;62445;48.406;-4.518;2022-08-15T16:25:06;28.52;51.33
74087;SHT30;62445;48.406;-4.518;2022-08-15T16:27:42;28.52;51.36
74087;SHT30;62445;48.406;-4.518;2022-08-15T16:30:12;28.52;51.45
74087;SHT30;62445;48.406;-4.518;2022-08-15T16:32:52;28.50;51.38
74087;SHT30;62445;48.406;-4.518;2022-08-15T16:35:27;28.53;51.35
74087;SHT30;62445;48.406;-4.518;2022-08-15T16:38:23;28.60;51.20
74087;SHT30;62445;48.406;-4.518;2022-08-15T16:40:52;28.66;50.99
74087;SHT30;62445;48.406;-4.518;2022-08-15T16:43:31;28.70;50.83
74087;SHT30;62445;48.406;-4.518;2022-08-15T16:57:08;28.95;50.19
74087;SHT30;62445;48.406;-4.518;2022-08-15T17:20:54;29.51;48.84
74087;SHT30;62445;48.406;-4.518;2022-08-15T17:23:32;29.38;49.07
74087;SHT30;62445;48.406;-4.518;2022-08-15T17:26:07;29.31;49.29
74087;SHT30;62445;48.406;-4.518;2022-08-15T17:28:39;29.24;49.45
74087;SHT30;62445;48.406;-4.518;2022-08-15T17:31:11;29.16;49.67
74087;SHT30;62445;48.406;-4.518;2022-08-15T17:34:07;29.08;49.81
74087;SHT30;62445;48.406;-4.518;2022-08-15T17:36:35;29.03;50.03
74087;SHT30;62445;48.406;-4.518;2022-08-15T17:39:05;28.95;50.19
74087;SHT30;62445;48.406;-4.518;2022-08-15T17:41:44;28.90;50.22
74087;SHT30;62445;48.406;-4.518;2022-08-15T17:46:44;28.83;50.54
74087;SHT30;62445;48.406;-4.518;2022-08-15T17:49:17;28.74;50.58
74087;SHT30;62445;48.406;-4.518;2022-08-15T17:52:27;28.70;50.61
74087;SHT30;62445;48.406;-4.518;2022-08-15T17:54:58;28.64;50.65
74087;SHT30;62445;48.406;-4.518;2022-08-15T17:57:32;28.59;50.78
74087;SHT30;62445;48.406;-4.518;2022-08-15T18:00:09;28.56;50.86
74087;SHT30;62445;48.406;-4.518;2022-08-15T18:02:39;28.55;50.89
74087;SHT30;62445;48.406;-4.518;2022-08-15T18:05:11;28.50;51.00
74087;SHT30;62445;48.406;-4.518;2022-08-15T18:07:38;28.49;51.07
74087;SHT30;62445;48.406;-4.518;2022-08-15T18:10:53;28.45;51.01
74087;SHT30;62445;48.406;-4.518;2022-08-15T18:13:18;28.45;51.17
74087;SHT30;62445;48.406;-4.518;2022-08-15T18:16:01;28.38;51.16
74087;SHT30;62445;48.406;-4.518;2022-08-15T18:18:27;28.38;51.32
74087;SHT30;62445;48.406;-4.518;2022-08-15T18:20:53;28.32;51.40
74087;SHT30;62445;48.406;-4.518;2022-08-15T18:23:23;28.32;51.41
74087;SHT30;62445;48.406;-4.518;2022-08-15T18:25:51;28.29;51.48
74087;SHT30;62445;48.406;-4.518;2022-08-15T18:30:51;28.26;51.69
74087;SHT30;62445;48.406;-4.518;2022-08-15T18:33:31;28.23;51.53
74087;SHT30;62445;48.406;-4.518;2022-08-15T18:36:04;28.20;51.60
74087;SHT30;62445;48.406;-4.518;2022-08-15T18:38:33;28.22;51.64
74087;SHT30;62445;48.406;-4.518;2022-08-15T18:41:02;28.18;51.70
74087;SHT30;62445;48.406;-4.518;2022-08-15T18:43:52;28.15;51.58
74087;SHT30;62445;48.406;-4.518;2022-08-15T18:46:26;28.15;51.82
74087;SHT30;62445;48.406;-4.518;2022-08-15T18:49:05;28.10;51.93
74087;SHT30;62445;48.406;-4.518;2022-08-15T18:54:22;28.08;52.01
74087;SHT30;62445;48.406;-4.518;2022-08-15T18:56:56;28.05;52.20
74087;SHT30;62445;48.406;-4.518;2022-08-15T18:59:28;28.04;52.26
74087;SHT30;62445;48.406;-4.518;2022-08-15T19:02:01;28.02;52.20
74087;SHT30;62445;48.406;-4.518;2022-08-15T19:04:36;28.01;52.20
74087;SHT30;62445;48.406;-4.518;2022-08-15T19:07:18;27.98;52.33
74087;SHT30;62445;48.406;-4.518;2022-08-15T19:10:00;27.99;52.33
74087;SHT30;62445;48.406;-4.518;2022-08-15T19:12:33;27.97;52.41
74087;SHT30;62445;48.406;-4.518;2022-08-15T19:15:06;27.95;52.51
74087;SHT30;62445;48.406;-4.518;2022-08-15T19:17:42;27.94;52.45
74087;SHT30;62445;48.406;-4.518;2022-08-15T19:20:17;27.95;52.51
74087;SHT30;62445;48.406;-4.518;2022-08-15T19:22:46;27.92;52.58
74087;SHT30;62445;48.406;-4.518;2022-08-15T19:25:15;27.90;52.65
74087;SHT30;62445;48.406;-4.518;2022-08-15T19:28:06;27.88;52.54
74087;SHT30;62445;48.406;-4.518;2022-08-15T19:30:49;27.87;52.65
74087;SHT30;62445;48.406;-4.518;2022-08-15T19:33:50;27.85;52.56
74087;SHT30;62445;48.406;-4.518;2022-08-15T19:39:20;27.87;52.59
74087;SHT30;62445;48.406;-4.518;2022-08-15T19:44:48;27.82;52.70
74087;SHT30;62445;48.406;-4.518;2022-08-15T19:50:19;27.81;52.74
74087;SHT30;62445;48.406;-4.518;2022-08-15T19:56:24;27.81;52.76
74087;SHT30;62445;48.406;-4.518;2022-08-15T19:59:16;27.77;52.80
74087;SHT30;62445;48.406;-4.518;2022-08-15T20:07:36;27.78;52.94
74087;SHT30;62445;48.406;-4.518;2022-08-15T20:10:21;27.80;52.93
74087;SHT30;62445;48.406;-4.518;2022-08-15T20:18:35;27.77;52.95
74087;SHT30;62445;48.406;-4.518;2022-08-15T20:21:41;27.74;53.01
74087;SHT30;62445;48.406;-4.518;2022-08-15T20:29:28;27.76;52.99
74087;SHT30;62445;48.406;-4.518;2022-08-15T20:34:30;27.76;53.01
74087;SHT30;62445;48.406;-4.518;2022-08-15T20:36:59;27.76;53.03
74087;SHT30;62445;48.406;-4.518;2022-08-15T20:39:28;27.78;53.03
74087;SHT30;62445;48.406;-4.518;2022-08-15T20:42:01;27.74;53.03
74087;SHT30;62445;48.406;-4.518;2022-08-15T20:44:41;27.74;53.00
74087;SHT30;62445;48.406;-4.518;2022-08-15T20:49:38;27.74;53.14
74087;SHT30;62445;48.406;-4.518;2022-08-15T20:52:07;27.74;53.08
74087;SHT30;62445;48.406;-4.518;2022-08-15T20:54:35;27.74;53.11
74087;SHT30;62445;48.406;-4.518;2022-08-15T20:57:06;27.74;53.11
74087;SHT30;62445;48.406;-4.518;2022-08-15T20:59:36;27.74;53.11
74087;SHT30;62445;48.406;-4.518;2022-08-15T21:02:34;27.74;53.02
74087;SHT30;62445;48.406;-4.518;2022-08-15T21:13:35;27.72;53.14
74087;SHT30;62445;48.406;-4.518;2022-08-15T21:16:12;27.74;53.19
74087;SHT30;62445;48.406;-4.518;2022-08-15T21:18:49;27.71;53.22
74087;SHT30;62445;48.406;-4.518;2022-08-15T21:21:26;27.74;53.19
74087;SHT30;62445;48.406;-4.518;2022-08-15T21:28:57;27.72;53.28
74087;SHT30;62445;48.406;-4.518;2022-08-15T21:31:33;27.71;53.24
74087;SHT30;62445;48.406;-4.518;2022-08-15T21:34:23;27.72;53.24
74087;SHT30;62445;48.406;-4.518;2022-08-15T21:36:51;27.71;53.39
74087;SHT30;62445;48.406;-4.518;2022-08-15T21:45:06;27.72;53.34
74087;SHT30;62445;48.406;-4.518;2022-08-15T21:47:35;27.70;53.44
74087;SHT30;62445;48.406;-4.518;2022-08-15T21:55:35;27.70;53.43
74087;SHT30;62445;48.406;-4.518;2022-08-15T22:01:16;27.68;53.60
74087;SHT30;62445;48.406;-4.518;2022-08-15T22:04:26;27.65;53.54
74087;SHT30;62445;48.406;-4.518;2022-08-15T22:06:54;27.67;53.75
74087;SHT30;62445;48.406;-4.518;2022-08-15T22:09:19;27.65;53.79
74087;SHT30;62445;48.406;-4.518;2022-08-15T22:11:48;27.70;53.69
74087;SHT30;62445;48.406;-4.518;2022-08-15T22:14:16;27.67;53.74
74087;SHT30;62445;48.406;-4.518;2022-08-15T22:16:43;27.67;53.74
74087;SHT30;62445;48.406;-4.518;2022-08-15T22:19:11;27.65;53.72
74087;SHT30;62445;48.406;-4.518;2022-08-15T22:21:38;27.67;53.79
74087;SHT30;62445;48.406;-4.518;2022-08-15T22:24:05;27.68;53.77
74087;SHT30;62445;48.406;-4.518;2022-08-15T22:26:31;27.65;53.77
74087;SHT30;62445;48.406;-4.518;2022-08-15T22:29:04;27.65;53.78
74087;SHT30;62445;48.406;-4.518;2022-08-15T22:31:32;27.64;53.91
74087;SHT30;62445;48.406;-4.518;2022-08-15T22:33:59;27.65;53.91
74087;SHT30;62445;48.406;-4.518;2022-08-15T22:36:25;27.64;53.98
74087;SHT30;62445;48.406;-4.518;2022-08-15T22:38:51;27.62;53.95
74087;SHT30;62445;48.406;-4.518;2022-08-15T22:43:55;27.65;53.86
74087;SHT30;62445;48.406;-4.518;2022-08-15T22:48:55;27.65;54.04
74087;SHT30;62445;48.406;-4.518;2022-08-15T22:51:33;27.64;53.90
74087;SHT30;62445;48.406;-4.518;2022-08-15T22:54:00;27.65;54.00
74087;SHT30;62445;48.406;-4.518;2022-08-15T22:56:28;27.64;54.05
74087;SHT30;62445;48.406;-4.518;2022-08-15T22:58:59;27.64;53.91
74087;SHT30;62445;48.406;-4.518;2022-08-15T23:01:33;27.65;53.90
74087;SHT30;62445;48.406;-4.518;2022-08-15T23:04:32;27.62;53.88
74087;SHT30;62445;48.406;-4.518;2022-08-15T23:07:45;27.62;54.03
74087;SHT30;62445;48.406;-4.518;2022-08-15T23:09:45;27.61;54.07
74087;SHT30;62445;48.406;-4.518;2022-08-15T23:12:17;27.62;54.09
74087;SHT30;62445;48.406;-4.518;2022-08-15T23:14:47;27.62;54.04
74087;SHT30;62445;48.406;-4.518;2022-08-15T23:17:23;27.61;53.99
74087;SHT30;62445;48.406;-4.518;2022-08-15T23:20:08;27.62;53.87
74087;SHT30;62445;48.406;-4.518;2022-08-15T23:22:35;27.61;53.95
74087;SHT30;62445;48.406;-4.518;2022-08-15T23:25:05;27.61;53.98
74087;SHT30;62445;48.406;-4.518;2022-08-15T23:27:33;27.62;53.99
74087;SHT30;62445;48.406;-4.518;2022-08-15T23:29:59;27.62;53.92
74087;SHT30;62445;48.406;-4.518;2022-08-15T23:32:32;27.62;53.87
74087;SHT30;62445;48.406;-4.518;2022-08-15T23:35:01;27.62;53.97
74087;SHT30;62445;48.406;-4.518;2022-08-15T23:37:41;27.62;53.93
74087;SHT30;62445;48.406;-4.518;2022-08-15T23:45:08;27.64;53.87
74087;SHT30;62445;48.406;-4.518;2022-08-15T23:47:34;27.61;53.94
74087;SHT30;62445;48.406;-4.518;2022-08-15T23:49:59;27.62;53.95
74087;SHT30;62445;48.406;-4.518;2022-08-15T23:52:25;27.64;53.88
74087;SHT30;62445;48.406;-4.518;2022-08-15T23:54:51;27.64;53.88
74087;SHT30;62445;48.406;-4.518;2022-08-15T23:57:17;27.61;53.80
74087;SHT30;62445;48.406;-4.518;2022-08-15T23:59:42;27.64;53.83
